1215484.txt.ptree,0,7,0..18,Haploinsufficiency
1215484.txt.ptree,0,10,19..22,for
1215484.txt.ptree,0,13,23..28,BRCA1
1215484.txt.ptree,0,16,29..31,is
1215484.txt.ptree,0,19,32..42,associated
1215484.txt.ptree,0,22,43..47,with
1215484.txt.ptree,0,26,48..54,normal
1215484.txt.ptree,0,28,55..61,levels
1215484.txt.ptree,0,31,62..64,of
1215484.txt.ptree,0,36,65..68,DNA
1215484.txt.ptree,0,38,69..79,nucleotide
1215484.txt.ptree,0,40,80..88,excision
1215484.txt.ptree,0,42,89..95,repair
1215484.txt.ptree,0,45,96..98,in
1215484.txt.ptree,0,48,99..105,breast
1215484.txt.ptree,0,50,106..112,tissue
1215484.txt.ptree,0,52,113..116,and
1215484.txt.ptree,0,56,117..122,blood
1215484.txt.ptree,0,58,123..134,lymphocytes
1215484.txt.ptree,0,61,136..144,Abstract
1215484.txt.ptree,0,63,146..156,Background
1215484.txt.ptree,0,65,156..157,:
1215484.txt.ptree,0,69,158..167,Screening
1215484.txt.ptree,0,72,168..179,mammography
1215484.txt.ptree,0,76,180..183,has
1215484.txt.ptree,0,79,184..187,had
1215484.txt.ptree,0,83,188..189,a
1215484.txt.ptree,0,85,190..198,positive
1215484.txt.ptree,0,87,199..205,impact
1215484.txt.ptree,0,90,206..208,on
1215484.txt.ptree,0,93,209..215,breast
1215484.txt.ptree,0,95,216..222,cancer
1215484.txt.ptree,0,97,223..232,mortality
1215484.txt.ptree,0,99,233..236,but
1215484.txt.ptree,0,102,237..240,can
1215484.txt.ptree,0,104,240..243,not
1215484.txt.ptree,0,107,244..250,detect
1215484.txt.ptree,0,110,251..254,all
1215484.txt.ptree,0,112,255..261,breast
1215484.txt.ptree,0,114,262..268,tumors
1215484.txt.ptree,0,116,268..269,.
1215484.txt.ptree,1,5,270..272,In
1215484.txt.ptree,1,8,273..274,a
1215484.txt.ptree,1,10,275..280,small
1215484.txt.ptree,1,12,281..286,study
1215484.txt.ptree,1,14,286..287,COMMA
1215484.txt.ptree,1,17,288..290,we
1215484.txt.ptree,1,20,291..300,confirmed
1215484.txt.ptree,1,23,301..305,that
1215484.txt.ptree,1,28,306..309,low
1215484.txt.ptree,1,30,310..315,power
1215484.txt.ptree,1,32,316..324,magnetic
1215484.txt.ptree,1,34,325..334,resonance
1215484.txt.ptree,1,36,335..342,imaging
1215484.txt.ptree,1,39,343..344,(
1215484.txt.ptree,1,42,344..347,MRI
1215484.txt.ptree,1,44,347..348,)
1215484.txt.ptree,1,47,349..354,could
1215484.txt.ptree,1,50,355..363,identify
1215484.txt.ptree,1,54,364..380,mammographically
1215484.txt.ptree,1,56,381..393,undetectable
1215484.txt.ptree,1,58,394..400,tumors
1215484.txt.ptree,1,61,401..403,by
1215484.txt.ptree,1,65,404..412,applying
1215484.txt.ptree,1,68,413..415,it
1215484.txt.ptree,1,71,416..418,to
1215484.txt.ptree,1,74,419..420,a
1215484.txt.ptree,1,76,421..425,high
1215484.txt.ptree,1,78,426..430,risk
1215484.txt.ptree,1,80,431..441,population
1215484.txt.ptree,1,82,441..442,.
1215484.txt.ptree,2,6,443..449,Tumors
1215484.txt.ptree,2,9,450..458,detected
1215484.txt.ptree,2,12,459..461,by
1215484.txt.ptree,2,15,462..466,this
1215484.txt.ptree,2,17,467..470,new
1215484.txt.ptree,2,19,471..481,technology
1215484.txt.ptree,2,23,482..487,could
1215484.txt.ptree,2,26,488..492,have
1215484.txt.ptree,2,29,493..499,unique
1215484.txt.ptree,2,31,500..510,etiologies
1215484.txt.ptree,2,33,511..517,and/or
1215484.txt.ptree,2,35,518..531,presentations
1215484.txt.ptree,2,37,531..532,COMMA
1215484.txt.ptree,2,39,533..536,and
1215484.txt.ptree,2,42,537..540,may
1215484.txt.ptree,2,45,541..550,represent
1215484.txt.ptree,2,49,551..553,an
1215484.txt.ptree,2,51,554..564,increasing
1215484.txt.ptree,2,53,565..575,proportion
1215484.txt.ptree,2,56,576..578,of
1215484.txt.ptree,2,59,579..587,clinical
1215484.txt.ptree,2,61,588..596,practice
1215484.txt.ptree,2,64,597..599,as
1215484.txt.ptree,2,68,600..603,new
1215484.txt.ptree,2,70,604..613,screening
1215484.txt.ptree,2,72,614..621,methods
1215484.txt.ptree,2,75,622..625,are
1215484.txt.ptree,2,78,626..635,validated
1215484.txt.ptree,2,80,636..639,and
1215484.txt.ptree,2,82,640..647,applied
1215484.txt.ptree,2,84,647..648,.
1215484.txt.ptree,3,6,649..650,A
1215484.txt.ptree,3,9,651..655,very
1215484.txt.ptree,3,11,656..665,important
1215484.txt.ptree,3,13,666..672,aspect
1215484.txt.ptree,3,16,673..675,of
1215484.txt.ptree,3,19,676..680,this
1215484.txt.ptree,3,21,681..689,etiology
1215484.txt.ptree,3,24,690..692,is
1215484.txt.ptree,3,28,693..700,genomic
1215484.txt.ptree,3,30,701..712,instability
1215484.txt.ptree,3,32,712..713,COMMA
1215484.txt.ptree,3,36,714..719,which
1215484.txt.ptree,3,40,720..722,is
1215484.txt.ptree,3,43,723..733,associated
1215484.txt.ptree,3,46,734..738,with
1215484.txt.ptree,3,50,739..742,the
1215484.txt.ptree,3,52,743..747,loss
1215484.txt.ptree,3,55,748..750,of
1215484.txt.ptree,3,59,751..759,activity
1215484.txt.ptree,3,62,760..762,of
1215484.txt.ptree,3,65,763..766,the
1215484.txt.ptree,3,67,767..773,breast
1215484.txt.ptree,3,69,774..793,cancer-predisposing
1215484.txt.ptree,3,71,794..799,genes
1215484.txt.ptree,3,73,800..805,BRCA1
1215484.txt.ptree,3,75,806..809,and
1215484.txt.ptree,3,77,810..815,BRCA2
1215484.txt.ptree,3,79,815..816,.
1215484.txt.ptree,4,5,818..820,In
1215484.txt.ptree,4,8,821..829,sporadic
1215484.txt.ptree,4,10,830..836,breast
1215484.txt.ptree,4,12,837..843,cancer
1215484.txt.ptree,4,14,843..844,COMMA
1215484.txt.ptree,4,17,845..852,however
1215484.txt.ptree,4,19,852..853,COMMA
1215484.txt.ptree,4,22,854..859,there
1215484.txt.ptree,4,25,860..862,is
1215484.txt.ptree,4,29,863..871,evidence
1215484.txt.ptree,4,32,872..875,for
1215484.txt.ptree,4,36,876..879,the
1215484.txt.ptree,4,38,880..891,involvement
1215484.txt.ptree,4,41,892..894,of
1215484.txt.ptree,4,45,895..896,a
1215484.txt.ptree,4,47,897..906,different
1215484.txt.ptree,4,49,907..914,pathway
1215484.txt.ptree,4,52,915..917,of
1215484.txt.ptree,4,56,918..921,DNA
1215484.txt.ptree,4,58,922..928,repair
1215484.txt.ptree,4,60,928..929,COMMA
1215484.txt.ptree,4,64,930..940,nucleotide
1215484.txt.ptree,4,66,941..949,excision
1215484.txt.ptree,4,68,950..956,repair
1215484.txt.ptree,4,71,957..958,(
1215484.txt.ptree,4,74,958..961,NER
1215484.txt.ptree,4,76,961..962,)
1215484.txt.ptree,4,78,962..963,COMMA
1215484.txt.ptree,4,82,964..969,which
1215484.txt.ptree,4,86,970..980,remediates
1215484.txt.ptree,4,90,981..988,lesions
1215484.txt.ptree,4,94,989..993,that
1215484.txt.ptree,4,98,994..999,cause
1215484.txt.ptree,4,102,1000..1001,a
1215484.txt.ptree,4,104,1002..1012,distortion
1215484.txt.ptree,4,107,1013..1015,of
1215484.txt.ptree,4,110,1016..1019,the
1215484.txt.ptree,4,112,1020..1023,DNA
1215484.txt.ptree,4,114,1024..1029,helix
1215484.txt.ptree,4,116,1029..1030,COMMA
1215484.txt.ptree,4,119,1031..1040,including
1215484.txt.ptree,4,122,1041..1044,DNA
1215484.txt.ptree,4,124,1045..1056,cross-links
1215484.txt.ptree,4,126,1056..1057,.
1215484.txt.ptree,5,5,1058..1062,Case
1215484.txt.ptree,5,7,1063..1075,presentation
1215484.txt.ptree,5,9,1075..1076,:
1215484.txt.ptree,5,13,1077..1079,We
1215484.txt.ptree,5,16,1080..1088,describe
1215484.txt.ptree,5,19,1089..1090,a
1215484.txt.ptree,5,21,1091..1097,breast
1215484.txt.ptree,5,23,1098..1104,cancer
1215484.txt.ptree,5,25,1105..1112,patient
1215484.txt.ptree,5,28,1113..1117,with
1215484.txt.ptree,5,32,1118..1119,a
1215484.txt.ptree,5,35,1120..1136,mammographically
1215484.txt.ptree,5,37,1137..1149,undetectable
1215484.txt.ptree,5,39,1150..1155,stage
1215484.txt.ptree,5,41,1156..1157,I
1215484.txt.ptree,5,43,1158..1163,tumor
1215484.txt.ptree,5,46,1164..1174,identified
1215484.txt.ptree,5,49,1175..1177,in
1215484.txt.ptree,5,52,1178..1181,our
1215484.txt.ptree,5,54,1182..1185,MRI
1215484.txt.ptree,5,56,1186..1195,screening
1215484.txt.ptree,5,58,1196..1201,study
1215484.txt.ptree,5,60,1201..1202,.
1215484.txt.ptree,6,5,1203..1206,She
1215484.txt.ptree,6,8,1207..1210,was
1215484.txt.ptree,6,11,1211..1221,originally
1215484.txt.ptree,6,14,1222..1232,considered
1215484.txt.ptree,6,18,1233..1235,to
1215484.txt.ptree,6,21,1236..1238,be
1215484.txt.ptree,6,25,1239..1241,at
1215484.txt.ptree,6,29,1242..1246,high
1215484.txt.ptree,6,31,1247..1251,risk
1215484.txt.ptree,6,34,1252..1255,due
1215484.txt.ptree,6,37,1256..1258,to
1215484.txt.ptree,6,42,1259..1262,the
1215484.txt.ptree,6,44,1263..1271,familial
1215484.txt.ptree,6,46,1272..1282,occurrence
1215484.txt.ptree,6,49,1283..1285,of
1215484.txt.ptree,6,52,1286..1292,breast
1215484.txt.ptree,6,54,1293..1296,and
1215484.txt.ptree,6,58,1297..1302,other
1215484.txt.ptree,6,60,1303..1308,types
1215484.txt.ptree,6,63,1309..1311,of
1215484.txt.ptree,6,66,1312..1318,cancer
1215484.txt.ptree,6,68,1318..1319,COMMA
1215484.txt.ptree,6,70,1320..1323,and
1215484.txt.ptree,6,73,1324..1329,after
1215484.txt.ptree,6,77,1330..1339,diagnosis
1215484.txt.ptree,6,80,1340..1343,was
1215484.txt.ptree,6,83,1344..1353,confirmed
1215484.txt.ptree,6,86,1354..1356,as
1215484.txt.ptree,6,90,1357..1358,a
1215484.txt.ptree,6,92,1359..1366,carrier
1215484.txt.ptree,6,95,1367..1369,of
1215484.txt.ptree,6,99,1370..1371,a
1215484.txt.ptree,6,101,1372..1378,Q1200X
1215484.txt.ptree,6,103,1379..1387,mutation
1215484.txt.ptree,6,106,1388..1390,in
1215484.txt.ptree,6,109,1391..1394,the
1215484.txt.ptree,6,111,1395..1400,BRCA1
1215484.txt.ptree,6,113,1401..1405,gene
1215484.txt.ptree,6,115,1405..1406,.
1215484.txt.ptree,7,5,1407..1409,In
1215484.txt.ptree,7,8,1410..1415,vitro
1215484.txt.ptree,7,12,1416..1424,analysis
1215484.txt.ptree,7,15,1425..1427,of
1215484.txt.ptree,7,18,1428..1431,her
1215484.txt.ptree,7,20,1432..1438,normal
1215484.txt.ptree,7,22,1439..1445,breast
1215484.txt.ptree,7,24,1446..1452,tissue
1215484.txt.ptree,7,27,1453..1459,showed
1215484.txt.ptree,7,30,1460..1462,no
1215484.txt.ptree,7,32,1463..1474,differences
1215484.txt.ptree,7,35,1475..1477,in
1215484.txt.ptree,7,39,1478..1484,growth
1215484.txt.ptree,7,41,1485..1489,rate
1215484.txt.ptree,7,43,1490..1492,or
1215484.txt.ptree,7,45,1493..1508,differentiation
1215484.txt.ptree,7,47,1509..1518,potential
1215484.txt.ptree,7,50,1519..1523,from
1215484.txt.ptree,7,53,1524..1536,disease-free
1215484.txt.ptree,7,55,1537..1545,controls
1215484.txt.ptree,7,57,1545..1546,.
1215484.txt.ptree,8,7,1547..1555,Analysis
1215484.txt.ptree,8,10,1556..1558,of
1215484.txt.ptree,8,13,1559..1567,cultured
1215484.txt.ptree,8,15,1568..1573,blood
1215484.txt.ptree,8,17,1574..1584,lymphocyte
1215484.txt.ptree,8,19,1585..1588,and
1215484.txt.ptree,8,21,1589..1595,breast
1215484.txt.ptree,8,23,1596..1606,epithelial
1215484.txt.ptree,8,25,1607..1611,cell
1215484.txt.ptree,8,27,1612..1619,samples
1215484.txt.ptree,8,30,1620..1624,with
1215484.txt.ptree,8,33,1625..1628,the
1215484.txt.ptree,8,35,1629..1640,unscheduled
1215484.txt.ptree,8,37,1641..1644,DNA
1215484.txt.ptree,8,39,1645..1654,synthesis
1215484.txt.ptree,8,42,1655..1656,(
1215484.txt.ptree,8,45,1656..1659,UDS
1215484.txt.ptree,8,47,1659..1660,)
1215484.txt.ptree,8,50,1661..1666,assay
1215484.txt.ptree,8,53,1667..1675,revealed
1215484.txt.ptree,8,56,1676..1678,no
1215484.txt.ptree,8,58,1679..1689,deficiency
1215484.txt.ptree,8,61,1690..1692,in
1215484.txt.ptree,8,64,1693..1696,NER
1215484.txt.ptree,8,66,1696..1697,.
1215484.txt.ptree,9,5,1698..1708,Conclusion
1215484.txt.ptree,9,7,1708..1709,:
1215484.txt.ptree,9,12,1710..1712,As
1215484.txt.ptree,9,16,1713..1716,new
1215484.txt.ptree,9,18,1717..1723,breast
1215484.txt.ptree,9,20,1724..1730,cancer
1215484.txt.ptree,9,22,1731..1740,screening
1215484.txt.ptree,9,24,1741..1748,methods
1215484.txt.ptree,9,27,1749..1755,become
1215484.txt.ptree,9,32,1756..1765,available
1215484.txt.ptree,9,34,1766..1769,and
1215484.txt.ptree,9,37,1770..1774,cost
1215484.txt.ptree,9,39,1775..1784,effective
1215484.txt.ptree,9,41,1784..1785,COMMA
1215484.txt.ptree,9,45,1786..1794,patients
1215484.txt.ptree,9,48,1795..1799,such
1215484.txt.ptree,9,50,1800..1802,as
1215484.txt.ptree,9,53,1803..1807,this
1215484.txt.ptree,9,55,1808..1811,one
1215484.txt.ptree,9,58,1812..1816,will
1215484.txt.ptree,9,61,1817..1827,constitute
1215484.txt.ptree,9,65,1828..1830,an
1215484.txt.ptree,9,67,1831..1841,increasing
1215484.txt.ptree,9,69,1842..1852,proportion
1215484.txt.ptree,9,72,1853..1855,of
1215484.txt.ptree,9,75,1856..1859,the
1215484.txt.ptree,9,77,1860..1868,incident
1215484.txt.ptree,9,79,1869..1879,population
1215484.txt.ptree,9,81,1879..1880,COMMA
1215484.txt.ptree,9,83,1881..1883,so
1215484.txt.ptree,9,87,1884..1886,it
1215484.txt.ptree,9,90,1887..1889,is
1215484.txt.ptree,9,93,1890..1899,important
1215484.txt.ptree,9,97,1900..1902,to
1215484.txt.ptree,9,100,1903..1912,determine
1215484.txt.ptree,9,103,1913..1920,whether
1215484.txt.ptree,9,107,1921..1925,they
1215484.txt.ptree,9,110,1926..1932,differ
1215484.txt.ptree,9,113,1933..1937,from
1215484.txt.ptree,9,117,1938..1945,current
1215484.txt.ptree,9,119,1946..1954,patients
1215484.txt.ptree,9,122,1955..1957,in
1215484.txt.ptree,9,125,1958..1961,any
1215484.txt.ptree,9,128,1962..1972,clinically
1215484.txt.ptree,9,130,1973..1982,important
1215484.txt.ptree,9,132,1983..1987,ways
1215484.txt.ptree,9,134,1987..1988,.
1215484.txt.ptree,10,5,1989..1996,Despite
1215484.txt.ptree,10,10,1997..2000,her
1215484.txt.ptree,10,12,2001..2007,status
1215484.txt.ptree,10,15,2008..2010,as
1215484.txt.ptree,10,18,2011..2012,a
1215484.txt.ptree,10,20,2013..2018,BRCA1
1215484.txt.ptree,10,22,2019..2027,mutation
1215484.txt.ptree,10,24,2028..2035,carrier
1215484.txt.ptree,10,26,2035..2036,COMMA
1215484.txt.ptree,10,28,2037..2040,and
1215484.txt.ptree,10,31,2041..2044,her
1215484.txt.ptree,10,33,2045..2061,mammographically
1215484.txt.ptree,10,35,2062..2067,dense
1215484.txt.ptree,10,37,2068..2074,breast
1215484.txt.ptree,10,39,2075..2081,tissue
1215484.txt.ptree,10,41,2081..2082,COMMA
1215484.txt.ptree,10,44,2083..2085,we
1215484.txt.ptree,10,47,2086..2089,did
1215484.txt.ptree,10,49,2090..2093,not
1215484.txt.ptree,10,52,2094..2098,find
1215484.txt.ptree,10,55,2099..2108,increased
1215484.txt.ptree,10,57,2109..2113,cell
1215484.txt.ptree,10,59,2114..2127,proliferation
1215484.txt.ptree,10,61,2128..2130,or
1215484.txt.ptree,10,63,2131..2140,deficient
1215484.txt.ptree,10,65,2141..2156,differentiation
1215484.txt.ptree,10,67,2157..2166,potential
1215484.txt.ptree,10,70,2167..2169,in
1215484.txt.ptree,10,73,2170..2176,breast
1215484.txt.ptree,10,75,2177..2187,epithelial
1215484.txt.ptree,10,77,2188..2193,cells
1215484.txt.ptree,10,80,2194..2198,from
1215484.txt.ptree,10,84,2199..2203,this
1215484.txt.ptree,10,86,2204..2211,patient
1215484.txt.ptree,10,90,2212..2217,which
1215484.txt.ptree,10,94,2218..2223,might
1215484.txt.ptree,10,97,2224..2228,have
1215484.txt.ptree,10,100,2229..2240,contributed
1215484.txt.ptree,10,103,2241..2243,to
1215484.txt.ptree,10,106,2244..2247,her
1215484.txt.ptree,10,108,2248..2254,cancer
1215484.txt.ptree,10,110,2255..2269,susceptibility
1215484.txt.ptree,10,112,2269..2270,.
1215484.txt.ptree,11,5,2271..2279,Although
1215484.txt.ptree,11,9,2280..2283,NER
1215484.txt.ptree,11,11,2284..2294,deficiency
1215484.txt.ptree,11,14,2295..2298,has
1215484.txt.ptree,11,17,2299..2303,been
1215484.txt.ptree,11,20,2304..2316,demonstrated
1215484.txt.ptree,11,23,2317..2327,repeatedly
1215484.txt.ptree,11,26,2328..2330,in
1215484.txt.ptree,11,29,2331..2336,blood
1215484.txt.ptree,11,31,2337..2344,samples
1215484.txt.ptree,11,34,2345..2349,from
1215484.txt.ptree,11,37,2350..2358,sporadic
1215484.txt.ptree,11,39,2359..2365,breast
1215484.txt.ptree,11,41,2366..2372,cancer
1215484.txt.ptree,11,43,2373..2381,patients
1215484.txt.ptree,11,45,2381..2382,COMMA
1215484.txt.ptree,11,49,2383..2391,analysis
1215484.txt.ptree,11,52,2392..2394,of
1215484.txt.ptree,11,55,2395..2400,blood
1215484.txt.ptree,11,58,2401..2409,cultured
1215484.txt.ptree,11,64,2410..2421,lymphocytes
1215484.txt.ptree,11,66,2422..2425,and
1215484.txt.ptree,11,68,2426..2432,breast
1215484.txt.ptree,11,70,2433..2443,epithelial
1215484.txt.ptree,11,72,2444..2449,cells
1215484.txt.ptree,11,75,2450..2453,for
1215484.txt.ptree,11,78,2454..2458,this
1215484.txt.ptree,11,80,2459..2466,patient
1215484.txt.ptree,11,83,2467..2473,proves
1215484.txt.ptree,11,86,2474..2486,definitively
1215484.txt.ptree,11,89,2487..2491,that
1215484.txt.ptree,11,94,2492..2506,heterozygosity
1215484.txt.ptree,11,97,2507..2510,for
1215484.txt.ptree,11,101,2511..2523,inactivation
1215484.txt.ptree,11,104,2524..2526,of
1215484.txt.ptree,11,107,2527..2532,BRCA1
1215484.txt.ptree,11,110,2533..2537,does
1215484.txt.ptree,11,112,2538..2541,not
1215484.txt.ptree,11,115,2542..2555,intrinsically
1215484.txt.ptree,11,118,2556..2562,confer
1215484.txt.ptree,11,122,2563..2567,this
1215484.txt.ptree,11,124,2568..2572,type
1215484.txt.ptree,11,127,2573..2575,of
1215484.txt.ptree,11,130,2576..2583,genetic
1215484.txt.ptree,11,132,2584..2595,instability
1215484.txt.ptree,11,134,2595..2596,.
1215484.txt.ptree,12,5,2597..2602,These
1215484.txt.ptree,12,7,2603..2607,data
1215484.txt.ptree,12,10,2608..2615,suggest
1215484.txt.ptree,12,13,2616..2620,that
1215484.txt.ptree,12,18,2621..2624,the
1215484.txt.ptree,12,20,2625..2634,mechanism
1215484.txt.ptree,12,23,2635..2637,of
1215484.txt.ptree,12,27,2638..2645,genomic
1215484.txt.ptree,12,29,2646..2657,instability
1215484.txt.ptree,12,32,2658..2665,driving
1215484.txt.ptree,12,35,2666..2669,the
1215484.txt.ptree,12,38,2670..2682,carcinogenic
1215484.txt.ptree,12,40,2683..2690,process
1215484.txt.ptree,12,43,2691..2694,may
1215484.txt.ptree,12,46,2695..2697,be
1215484.txt.ptree,12,49,2698..2711,fundamentally
1215484.txt.ptree,12,51,2712..2721,different
1215484.txt.ptree,12,54,2722..2724,in
1215484.txt.ptree,12,58,2725..2735,hereditary
1215484.txt.ptree,12,60,2736..2739,and
1215484.txt.ptree,12,62,2740..2748,sporadic
1215484.txt.ptree,12,64,2749..2755,breast
1215484.txt.ptree,12,66,2756..2762,cancer
1215484.txt.ptree,12,68,2762..2763,COMMA
1215484.txt.ptree,12,72,2764..2773,resulting
1215484.txt.ptree,12,75,2774..2776,in
1215484.txt.ptree,12,79,2777..2786,different
1215484.txt.ptree,12,81,2787..2796,genotoxic
1215484.txt.ptree,12,83,2797..2813,susceptibilities
1215484.txt.ptree,12,85,2813..2814,COMMA
1215484.txt.ptree,12,88,2815..2823,oncogene
1215484.txt.ptree,12,90,2824..2833,mutations
1215484.txt.ptree,12,92,2833..2834,COMMA
1215484.txt.ptree,12,94,2835..2838,and
1215484.txt.ptree,12,97,2839..2840,a
1215484.txt.ptree,12,99,2841..2850,different
1215484.txt.ptree,12,101,2851..2860,molecular
1215484.txt.ptree,12,103,2861..2873,pathogenesis
1215484.txt.ptree,12,105,2873..2874,.
1215484.txt.ptree,13,6,2876..2886,Background
1215484.txt.ptree,13,10,2888..2889,A
1215484.txt.ptree,13,12,2890..2899,reduction
1215484.txt.ptree,13,15,2900..2902,in
1215484.txt.ptree,13,18,2903..2909,breast
1215484.txt.ptree,13,20,2910..2916,cancer
1215484.txt.ptree,13,22,2917..2926,mortality
1215484.txt.ptree,13,25,2927..2930,has
1215484.txt.ptree,13,28,2931..2935,been
1215484.txt.ptree,13,31,2936..2944,observed
1215484.txt.ptree,13,34,2945..2947,in
1215484.txt.ptree,13,38,2948..2954,recent
1215484.txt.ptree,13,40,2955..2960,years
1215484.txt.ptree,13,44,2961..2965,that
1215484.txt.ptree,13,48,2966..2969,has
1215484.txt.ptree,13,51,2970..2974,been
1215484.txt.ptree,13,55,2975..2984,partially
1215484.txt.ptree,13,57,2985..2995,attributed
1215484.txt.ptree,13,60,2996..2998,to
1215484.txt.ptree,13,64,2999..3002,the
1215484.txt.ptree,13,66,3003..3013,widespread
1215484.txt.ptree,13,68,3014..3022,adoption
1215484.txt.ptree,13,71,3023..3025,of
1215484.txt.ptree,13,75,3026..3035,screening
1215484.txt.ptree,13,78,3036..3047,mammography
1215484.txt.ptree,13,84,3049..3050,1
1215484.txt.ptree,13,88,3051..3052,.
1215484.txt.ptree,14,5,3053..3064,Traditional
1215484.txt.ptree,14,7,3065..3074,screening
1215484.txt.ptree,14,9,3075..3086,mammography
1215484.txt.ptree,14,11,3086..3087,COMMA
1215484.txt.ptree,14,14,3088..3095,however
1215484.txt.ptree,14,16,3095..3096,COMMA
1215484.txt.ptree,14,19,3097..3102,fails
1215484.txt.ptree,14,23,3103..3105,to
1215484.txt.ptree,14,26,3106..3112,detect
1215484.txt.ptree,14,30,3113..3115,15
1215484.txt.ptree,14,32,3115..3116,%
1215484.txt.ptree,14,35,3117..3119,of
1215484.txt.ptree,14,39,3120..3128,incident
1215484.txt.ptree,14,41,3129..3136,cancers
1215484.txt.ptree,14,48,3138..3139,2
1215484.txt.ptree,14,52,3140..3141,.
1215484.txt.ptree,15,6,3142..3145,New
1215484.txt.ptree,15,8,3145..3146,COMMA
1215484.txt.ptree,15,10,3147..3160,complementary
1215484.txt.ptree,15,12,3161..3168,imaging
1215484.txt.ptree,15,14,3169..3179,techniques
1215484.txt.ptree,15,17,3180..3183,are
1215484.txt.ptree,15,20,3184..3193,therefore
1215484.txt.ptree,15,23,3194..3199,under
1215484.txt.ptree,15,27,3200..3211,development
1215484.txt.ptree,15,31,3212..3216,that
1215484.txt.ptree,15,35,3217..3220,may
1215484.txt.ptree,15,38,3221..3229,increase
1215484.txt.ptree,15,42,3230..3233,the
1215484.txt.ptree,15,44,3234..3242,accuracy
1215484.txt.ptree,15,47,3243..3245,of
1215484.txt.ptree,15,50,3246..3253,primary
1215484.txt.ptree,15,52,3254..3263,screening
1215484.txt.ptree,15,54,3263..3264,.
1215484.txt.ptree,16,5,3265..3267,We
1215484.txt.ptree,16,8,3268..3277,performed
1215484.txt.ptree,16,11,3278..3279,a
1215484.txt.ptree,16,13,3280..3285,small
1215484.txt.ptree,16,15,3286..3291,study
1215484.txt.ptree,16,19,3292..3294,to
1215484.txt.ptree,16,22,3295..3303,validate
1215484.txt.ptree,16,26,3304..3307,the
1215484.txt.ptree,16,28,3308..3311,use
1215484.txt.ptree,16,31,3312..3314,of
1215484.txt.ptree,16,34,3315..3318,low
1215484.txt.ptree,16,36,3319..3324,power
1215484.txt.ptree,16,38,3325..3333,magnetic
1215484.txt.ptree,16,40,3334..3343,resonance
1215484.txt.ptree,16,42,3344..3351,imaging
1215484.txt.ptree,16,45,3352..3353,(
1215484.txt.ptree,16,48,3353..3356,MRI
1215484.txt.ptree,16,50,3356..3357,)
1215484.txt.ptree,16,55,3358..3360,to
1215484.txt.ptree,16,58,3361..3374,prospectively
1215484.txt.ptree,16,61,3375..3381,detect
1215484.txt.ptree,16,65,3382..3388,breast
1215484.txt.ptree,16,67,3389..3400,alterations
1215484.txt.ptree,16,69,3401..3404,and
1215484.txt.ptree,16,72,3405..3415,malignancy
1215484.txt.ptree,16,74,3416..3419,and
1215484.txt.ptree,16,77,3420..3422,to
1215484.txt.ptree,16,80,3423..3432,determine
1215484.txt.ptree,16,84,3433..3436,the
1215484.txt.ptree,16,86,3437..3448,feasibility
1215484.txt.ptree,16,89,3449..3451,of
1215484.txt.ptree,16,93,3452..3460,applying
1215484.txt.ptree,16,96,3461..3465,this
1215484.txt.ptree,16,98,3466..3475,technique
1215484.txt.ptree,16,101,3476..3478,to
1215484.txt.ptree,16,105,3479..3480,a
1215484.txt.ptree,16,107,3481..3490,high-risk
1215484.txt.ptree,16,109,3491..3501,population
1215484.txt.ptree,16,116,3503..3504,3
1215484.txt.ptree,16,120,3505..3506,.
1215484.txt.ptree,17,5,3507..3509,We
1215484.txt.ptree,17,8,3510..3517,present
1215484.txt.ptree,17,11,3518..3522,here
1215484.txt.ptree,17,15,3523..3524,a
1215484.txt.ptree,17,17,3525..3532,subject
1215484.txt.ptree,17,20,3533..3537,from
1215484.txt.ptree,17,25,3538..3542,that
1215484.txt.ptree,17,27,3543..3548,study
1215484.txt.ptree,17,30,3549..3554,whose
1215484.txt.ptree,17,32,3555..3560,early
1215484.txt.ptree,17,34,3561..3566,stage
1215484.txt.ptree,17,38,3567..3572,tumor
1215484.txt.ptree,17,41,3573..3576,was
1215484.txt.ptree,17,43,3577..3580,not
1215484.txt.ptree,17,46,3581..3591,detectable
1215484.txt.ptree,17,49,3592..3594,by
1215484.txt.ptree,17,52,3595..3606,mammography
1215484.txt.ptree,17,54,3606..3607,.
1215484.txt.ptree,18,5,3610..3614,This
1215484.txt.ptree,18,7,3615..3622,patient
1215484.txt.ptree,18,10,3623..3626,was
1215484.txt.ptree,18,13,3627..3635,enrolled
1215484.txt.ptree,18,16,3636..3638,in
1215484.txt.ptree,18,19,3639..3642,the
1215484.txt.ptree,18,21,3643..3652,screening
1215484.txt.ptree,18,23,3653..3658,study
1215484.txt.ptree,18,26,3659..3662,due
1215484.txt.ptree,18,28,3663..3665,to
1215484.txt.ptree,18,32,3666..3669,her
1215484.txt.ptree,18,34,3670..3676,family
1215484.txt.ptree,18,36,3677..3684,history
1215484.txt.ptree,18,39,3685..3687,of
1215484.txt.ptree,18,42,3688..3694,breast
1215484.txt.ptree,18,44,3695..3698,and
1215484.txt.ptree,18,46,3699..3704,other
1215484.txt.ptree,18,48,3705..3715,neoplasias
1215484.txt.ptree,18,50,3715..3716,.
1215484.txt.ptree,19,5,3717..3722,After
1215484.txt.ptree,19,8,3723..3728,tumor
1215484.txt.ptree,19,10,3729..3738,diagnosis
1215484.txt.ptree,19,12,3738..3739,COMMA
1215484.txt.ptree,19,15,3740..3743,she
1215484.txt.ptree,19,18,3744..3747,was
1215484.txt.ptree,19,21,3748..3758,determined
1215484.txt.ptree,19,25,3759..3761,to
1215484.txt.ptree,19,28,3762..3764,be
1215484.txt.ptree,19,31,3765..3777,heterozygous
1215484.txt.ptree,19,34,3778..3781,for
1215484.txt.ptree,19,38,3782..3783,a
1215484.txt.ptree,19,40,3784..3792,putative
1215484.txt.ptree,19,42,3793..3805,inactivating
1215484.txt.ptree,19,44,3806..3814,mutation
1215484.txt.ptree,19,47,3815..3817,in
1215484.txt.ptree,19,50,3818..3821,the
1215484.txt.ptree,19,52,3822..3827,BRCA1
1215484.txt.ptree,19,54,3828..3832,gene
1215484.txt.ptree,19,56,3832..3833,.
1215484.txt.ptree,20,5,3834..3836,In
1215484.txt.ptree,20,8,3837..3845,addition
1215484.txt.ptree,20,10,3845..3846,COMMA
1215484.txt.ptree,20,13,3847..3850,she
1215484.txt.ptree,20,16,3851..3854,had
1215484.txt.ptree,20,20,3855..3860,dense
1215484.txt.ptree,20,22,3861..3867,breast
1215484.txt.ptree,20,24,3868..3874,tissue
1215484.txt.ptree,20,26,3874..3875,COMMA
1215484.txt.ptree,20,30,3876..3878,an
1215484.txt.ptree,20,32,3879..3889,impediment
1215484.txt.ptree,20,35,3890..3892,to
1215484.txt.ptree,20,38,3893..3904,mammography
1215484.txt.ptree,20,42,3905..3909,that
1215484.txt.ptree,20,46,3910..3912,is
1215484.txt.ptree,20,49,3913..3915,in
1215484.txt.ptree,20,52,3916..3922,itself
1215484.txt.ptree,20,56,3923..3924,a
1215484.txt.ptree,20,58,3925..3929,risk
1215484.txt.ptree,20,60,3930..3936,factor
1215484.txt.ptree,20,63,3937..3940,for
1215484.txt.ptree,20,66,3941..3947,breast
1215484.txt.ptree,20,68,3948..3954,cancer
1215484.txt.ptree,20,73,3956..3957,4
1215484.txt.ptree,20,77,3958..3959,.
1215484.txt.ptree,21,5,3960..3966,Breast
1215484.txt.ptree,21,7,3967..3978,development
1215484.txt.ptree,21,9,3979..3982,and
1215484.txt.ptree,21,11,3983..3994,lactational
1215484.txt.ptree,21,13,3995..4010,differentiation
1215484.txt.ptree,21,16,4011..4015,also
1215484.txt.ptree,21,19,4016..4022,appear
1215484.txt.ptree,21,23,4023..4025,to
1215484.txt.ptree,21,27,4026..4038,individually
1215484.txt.ptree,21,29,4039..4045,modify
1215484.txt.ptree,21,33,4046..4052,breast
1215484.txt.ptree,21,35,4053..4059,cancer
1215484.txt.ptree,21,37,4060..4064,risk
1215484.txt.ptree,21,39,4064..4065,COMMA
1215484.txt.ptree,21,42,4066..4070,with
1215484.txt.ptree,21,46,4071..4076,early
1215484.txt.ptree,21,48,4077..4081,term
1215484.txt.ptree,21,50,4082..4091,pregnancy
1215484.txt.ptree,21,53,4092..4102,conferring
1215484.txt.ptree,21,56,4103..4104,a
1215484.txt.ptree,21,58,4105..4115,persistent
1215484.txt.ptree,21,60,4116..4126,protective
1215484.txt.ptree,21,62,4127..4133,effect
1215484.txt.ptree,21,69,4135..4136,5
1215484.txt.ptree,21,73,4137..4138,.
1215484.txt.ptree,22,6,4139..4147,Exposure
1215484.txt.ptree,22,9,4148..4150,to
1215484.txt.ptree,22,12,4151..4159,ionizing
1215484.txt.ptree,22,14,4160..4169,radiation
1215484.txt.ptree,22,16,4169..4170,COMMA
1215484.txt.ptree,22,19,4171..4176,while
1215484.txt.ptree,22,23,4177..4178,a
1215484.txt.ptree,22,25,4179..4187,lifetime
1215484.txt.ptree,22,28,4188..4192,risk
1215484.txt.ptree,22,32,4193..4199,factor
1215484.txt.ptree,22,35,4200..4203,for
1215484.txt.ptree,22,38,4204..4210,breast
1215484.txt.ptree,22,40,4211..4217,cancer
1215484.txt.ptree,22,42,4217..4218,COMMA
1215484.txt.ptree,22,45,4219..4226,appears
1215484.txt.ptree,22,49,4227..4229,to
1215484.txt.ptree,22,52,4230..4232,be
1215484.txt.ptree,22,56,4233..4237,more
1215484.txt.ptree,22,58,4238..4247,dangerous
1215484.txt.ptree,22,62,4248..4252,when
1215484.txt.ptree,22,66,4253..4255,it
1215484.txt.ptree,22,69,4256..4262,occurs
1215484.txt.ptree,22,72,4263..4269,during
1215484.txt.ptree,22,76,4270..4278,alveolar
1215484.txt.ptree,22,78,4279..4294,differentiation
1215484.txt.ptree,22,81,4295..4297,of
1215484.txt.ptree,22,85,4298..4301,the
1215484.txt.ptree,22,87,4302..4308,breast
1215484.txt.ptree,22,90,4309..4311,at
1215484.txt.ptree,22,93,4312..4323,adolescence
1215484.txt.ptree,22,97,4325..4326,6
1215484.txt.ptree,22,101,4327..4328,.
1215484.txt.ptree,23,6,4329..4334,Using
1215484.txt.ptree,23,10,4335..4336,a
1215484.txt.ptree,23,12,4337..4342,novel
1215484.txt.ptree,23,14,4343..4349,tissue
1215484.txt.ptree,23,16,4350..4361,engineering
1215484.txt.ptree,23,18,4362..4368,system
1215484.txt.ptree,23,24,4370..4371,7
1215484.txt.ptree,23,28,4372..4373,COMMA
1215484.txt.ptree,23,31,4374..4376,we
1215484.txt.ptree,23,34,4377..4386,therefore
1215484.txt.ptree,23,37,4387..4395,examined
1215484.txt.ptree,23,41,4396..4399,the
1215484.txt.ptree,23,43,4400..4406,growth
1215484.txt.ptree,23,45,4407..4410,and
1215484.txt.ptree,23,47,4411..4426,differentiation
1215484.txt.ptree,23,50,4427..4429,of
1215484.txt.ptree,23,53,4430..4436,normal
1215484.txt.ptree,23,55,4437..4443,breast
1215484.txt.ptree,23,57,4444..4454,epithelial
1215484.txt.ptree,23,59,4455..4462,samples
1215484.txt.ptree,23,62,4463..4467,from
1215484.txt.ptree,23,66,4468..4472,this
1215484.txt.ptree,23,68,4473..4480,patient
1215484.txt.ptree,23,71,4481..4484,via
1215484.txt.ptree,23,74,4485..4494,live-cell
1215484.txt.ptree,23,76,4495..4502,imaging
1215484.txt.ptree,23,78,4502..4503,.
1215484.txt.ptree,24,5,4506..4509,The
1215484.txt.ptree,24,7,4510..4515,BRCA1
1215484.txt.ptree,24,9,4516..4526,hereditary
1215484.txt.ptree,24,11,4527..4533,breast
1215484.txt.ptree,24,13,4534..4540,cancer
1215484.txt.ptree,24,15,4541..4545,gene
1215484.txt.ptree,24,18,4546..4549,has
1215484.txt.ptree,24,21,4550..4554,been
1215484.txt.ptree,24,24,4555..4560,shown
1215484.txt.ptree,24,28,4561..4563,to
1215484.txt.ptree,24,31,4564..4566,be
1215484.txt.ptree,24,34,4567..4575,involved
1215484.txt.ptree,24,37,4576..4578,in
1215484.txt.ptree,24,41,4579..4582,DNA
1215484.txt.ptree,24,43,4583..4589,double
1215484.txt.ptree,24,45,4590..4596,strand
1215484.txt.ptree,24,47,4597..4602,break
1215484.txt.ptree,24,49,4603..4609,repair
1215484.txt.ptree,24,55,4611..4614,8COMMA9
1215484.txt.ptree,24,59,4615..4616,.
1215484.txt.ptree,25,6,4617..4620,DNA
1215484.txt.ptree,25,8,4621..4627,repair
1215484.txt.ptree,25,10,4628..4635,defects
1215484.txt.ptree,25,13,4636..4640,have
1215484.txt.ptree,25,16,4641..4645,also
1215484.txt.ptree,25,19,4646..4650,been
1215484.txt.ptree,25,22,4651..4661,identified
1215484.txt.ptree,25,25,4662..4664,in
1215484.txt.ptree,25,29,4665..4668,the
1215484.txt.ptree,25,31,4669..4679,peripheral
1215484.txt.ptree,25,33,4680..4685,blood
1215484.txt.ptree,25,35,4686..4691,cells
1215484.txt.ptree,25,38,4692..4694,of
1215484.txt.ptree,25,41,4695..4703,sporadic
1215484.txt.ptree,25,43,4704..4710,breast
1215484.txt.ptree,25,45,4711..4717,cancer
1215484.txt.ptree,25,47,4718..4726,patients
1215484.txt.ptree,25,54,4728..4733,10-13
1215484.txt.ptree,25,58,4734..4735,COMMA
1215484.txt.ptree,25,60,4736..4739,but
1215484.txt.ptree,25,63,4739..4740,COMMA
1215484.txt.ptree,25,66,4741..4743,in
1215484.txt.ptree,25,69,4744..4748,this
1215484.txt.ptree,25,71,4749..4753,case
1215484.txt.ptree,25,73,4753..4754,COMMA
1215484.txt.ptree,25,76,4755..4757,it
1215484.txt.ptree,25,79,4758..4763,seems
1215484.txt.ptree,25,83,4764..4766,to
1215484.txt.ptree,25,86,4767..4774,involve
1215484.txt.ptree,25,90,4775..4776,a
1215484.txt.ptree,25,92,4777..4786,different
1215484.txt.ptree,25,94,4787..4794,pathway
1215484.txt.ptree,25,97,4795..4797,of
1215484.txt.ptree,25,101,4798..4801,DNA
1215484.txt.ptree,25,103,4802..4808,repair
1215484.txt.ptree,25,105,4808..4809,COMMA
1215484.txt.ptree,25,108,4810..4820,nucleotide
1215484.txt.ptree,25,110,4821..4829,excision
1215484.txt.ptree,25,112,4830..4836,repair
1215484.txt.ptree,25,115,4837..4838,(
1215484.txt.ptree,25,118,4838..4841,NER
1215484.txt.ptree,25,120,4841..4842,)
1215484.txt.ptree,25,125,4844..4849,14-16
1215484.txt.ptree,25,129,4850..4851,.
1215484.txt.ptree,26,5,4852..4854,We
1215484.txt.ptree,26,8,4855..4859,have
1215484.txt.ptree,26,11,4860..4868,extended
1215484.txt.ptree,26,15,4869..4873,this
1215484.txt.ptree,26,17,4874..4885,observation
1215484.txt.ptree,26,20,4886..4888,of
1215484.txt.ptree,26,23,4889..4892,NER
1215484.txt.ptree,26,25,4893..4903,deficiency
1215484.txt.ptree,26,28,4904..4906,to
1215484.txt.ptree,26,33,4907..4910,the
1215484.txt.ptree,26,35,4911..4916,tumor
1215484.txt.ptree,26,38,4917..4923,itself
1215484.txt.ptree,26,40,4923..4924,COMMA
1215484.txt.ptree,26,43,4925..4927,as
1215484.txt.ptree,26,45,4928..4932,well
1215484.txt.ptree,26,47,4933..4935,as
1215484.txt.ptree,26,51,4936..4939,the
1215484.txt.ptree,26,53,4940..4949,adjoining
1215484.txt.ptree,26,55,4950..4962,non-diseased
1215484.txt.ptree,26,57,4963..4969,normal
1215484.txt.ptree,26,59,4970..4976,breast
1215484.txt.ptree,26,61,4977..4983,tissue
1215484.txt.ptree,26,67,4985..4987,17
1215484.txt.ptree,26,71,4988..4989,.
1215484.txt.ptree,27,5,4990..4993,NER
1215484.txt.ptree,27,8,4994..4996,is
1215484.txt.ptree,27,12,4997..4998,a
1215484.txt.ptree,27,14,4999..5006,complex
1215484.txt.ptree,27,16,5007..5014,pathway
1215484.txt.ptree,27,19,5015..5017,of
1215484.txt.ptree,27,23,5018..5021,DNA
1215484.txt.ptree,27,25,5022..5028,repair
1215484.txt.ptree,27,29,5030..5032,18
1215484.txt.ptree,27,35,5034..5042,normally
1215484.txt.ptree,27,37,5043..5053,associated
1215484.txt.ptree,27,40,5054..5058,with
1215484.txt.ptree,27,44,5059..5066,removal
1215484.txt.ptree,27,47,5067..5069,of
1215484.txt.ptree,27,51,5070..5091,pyrimidine-pyrimidine
1215484.txt.ptree,27,53,5092..5103,intrastrand
1215484.txt.ptree,27,55,5104..5114,crosslinks
1215484.txt.ptree,27,58,5115..5116,(
1215484.txt.ptree,27,60,5123..5124,"
1215484.txt.ptree,27,65,5123..5124,"
1215484.txt.ptree,27,67,5124..5125,)
1215484.txt.ptree,27,70,5126..5132,caused
1215484.txt.ptree,27,73,5133..5135,by
1215484.txt.ptree,27,76,5136..5144,exposure
1215484.txt.ptree,27,79,5145..5147,to
1215484.txt.ptree,27,82,5148..5150,UV
1215484.txt.ptree,27,84,5151..5156,light
1215484.txt.ptree,27,86,5156..5157,.
1215484.txt.ptree,28,6,5158..5161,NER
1215484.txt.ptree,28,8,5162..5172,deficiency
1215484.txt.ptree,28,11,5173..5175,is
1215484.txt.ptree,28,15,5176..5179,the
1215484.txt.ptree,28,17,5180..5185,basis
1215484.txt.ptree,28,20,5186..5188,of
1215484.txt.ptree,28,24,5189..5199,hereditary
1215484.txt.ptree,28,26,5200..5209,xeroderma
1215484.txt.ptree,28,28,5210..5221,pigmentosum
1215484.txt.ptree,28,31,5222..5223,(
1215484.txt.ptree,28,34,5223..5225,XP
1215484.txt.ptree,28,36,5225..5226,)
1215484.txt.ptree,28,43,5228..5230,19
1215484.txt.ptree,28,47,5231..5232,COMMA
1215484.txt.ptree,28,51,5233..5234,a
1215484.txt.ptree,28,53,5235..5242,disease
1215484.txt.ptree,28,56,5243..5247,with
1215484.txt.ptree,28,60,5248..5249,a
1215484.txt.ptree,28,62,5250..5259,1200-fold
1215484.txt.ptree,28,64,5260..5268,increase
1215484.txt.ptree,28,67,5269..5271,in
1215484.txt.ptree,28,71,5272..5281,incidence
1215484.txt.ptree,28,74,5282..5284,of
1215484.txt.ptree,28,77,5285..5289,skin
1215484.txt.ptree,28,79,5290..5296,cancer
1215484.txt.ptree,28,83,5298..5300,20
1215484.txt.ptree,28,87,5301..5302,.
1215484.txt.ptree,29,7,5303..5306,The
1215484.txt.ptree,29,9,5307..5313,signal
1215484.txt.ptree,29,12,5314..5317,for
1215484.txt.ptree,29,16,5318..5328,activation
1215484.txt.ptree,29,19,5329..5331,of
1215484.txt.ptree,29,22,5332..5335,the
1215484.txt.ptree,29,24,5336..5339,NER
1215484.txt.ptree,29,26,5340..5347,pathway
1215484.txt.ptree,29,29,5348..5350,is
1215484.txt.ptree,29,32,5351..5359,actually
1215484.txt.ptree,29,35,5360..5364,very
1215484.txt.ptree,29,37,5365..5372,general
1215484.txt.ptree,29,39,5372..5373,;
1215484.txt.ptree,29,44,5374..5377,any
1215484.txt.ptree,29,46,5378..5384,lesion
1215484.txt.ptree,29,49,5385..5392,causing
1215484.txt.ptree,29,53,5393..5394,a
1215484.txt.ptree,29,55,5395..5405,distortion
1215484.txt.ptree,29,58,5406..5408,in
1215484.txt.ptree,29,61,5409..5412,the
1215484.txt.ptree,29,63,5413..5416,DNA
1215484.txt.ptree,29,65,5417..5422,helix
1215484.txt.ptree,29,67,5422..5423,COMMA
1215484.txt.ptree,29,70,5424..5433,including
1215484.txt.ptree,29,74,5434..5444,crosslinks
1215484.txt.ptree,29,78,5445..5451,caused
1215484.txt.ptree,29,81,5452..5454,by
1215484.txt.ptree,29,85,5455..5464,oxidative
1215484.txt.ptree,29,87,5465..5473,radicals
1215484.txt.ptree,29,89,5473..5474,COMMA
1215484.txt.ptree,29,93,5475..5482,certain
1215484.txt.ptree,29,95,5483..5488,types
1215484.txt.ptree,29,98,5489..5491,of
1215484.txt.ptree,29,102,5492..5502,mismatches
1215484.txt.ptree,29,105,5503..5504,(
1215484.txt.ptree,29,108,5504..5517,purine-purine
1215484.txt.ptree,29,110,5518..5520,or
1215484.txt.ptree,29,112,5521..5542,pyrimidine-pyrimidine
1215484.txt.ptree,29,114,5542..5543,)
1215484.txt.ptree,29,116,5544..5547,and
1215484.txt.ptree,29,119,5548..5550,so
1215484.txt.ptree,29,122,5551..5557,called
1215484.txt.ptree,29,126,5564..5565,"
1215484.txt.ptree,29,128,20541..20546,bulky
1215484.txt.ptree,29,130,28539..28540,"
1215484.txt.ptree,29,138,29534..29536,by
1215484.txt.ptree,29,144,31284..31285,I
1215484.txt.ptree,29,149,31354..31356,of
1215484.txt.ptree,29,164,31407..31408,.
1215484.txt.ptree,30,17,34009..34014,shown
1215484.txt.ptree,30,20,34927..34931,that
1215484.txt.ptree,30,24,35092..35097,BRCA1
1215484.txt.ptree,30,35,35388..35391,NER
1215484.txt.ptree,30,37,35392..35400,activity
1215484.txt.ptree,30,39,35667..35668,COMMA
1215484.txt.ptree,30,51,35699..35702,was
1215484.txt.ptree,30,62,35734..35740,breast
1215484.txt.ptree,30,75,35740..35741,.
1215484.txt.ptree,31,111,35740..35741,.
1215484.txt.ptree,32,97,35740..35741,.
1215484.txt.ptree,33,47,35740..35741,.
1215484.txt.ptree,34,50,35740..35741,.
1215484.txt.ptree,35,34,35740..35741,.
1215484.txt.ptree,36,89,35740..35741,.
1215484.txt.ptree,37,51,35740..35741,.
1215484.txt.ptree,38,36,35740..35741,.
1215484.txt.ptree,39,88,35740..35741,.
1215484.txt.ptree,40,114,35740..35741,.
1215484.txt.ptree,41,44,35740..35741,.
1215484.txt.ptree,42,85,35740..35741,.
1215484.txt.ptree,43,88,35740..35741,.
1215484.txt.ptree,44,48,35740..35741,.
1215484.txt.ptree,45,35,35740..35741,.
1215484.txt.ptree,46,36,35740..35741,.
1215484.txt.ptree,47,39,35740..35741,.
1215484.txt.ptree,48,53,35740..35741,.
1215484.txt.ptree,49,17,35740..35741,.
1215484.txt.ptree,50,79,35740..35741,.
1215484.txt.ptree,51,59,35740..35741,.
1215484.txt.ptree,52,55,35740..35741,.
1215484.txt.ptree,53,68,35740..35741,.
1215484.txt.ptree,54,70,35740..35741,.
1215484.txt.ptree,55,63,35740..35741,.
1215484.txt.ptree,56,57,35740..35741,.
1215484.txt.ptree,57,28,35740..35741,.
1215484.txt.ptree,58,82,35740..35741,.
1215484.txt.ptree,59,77,35740..35741,.
1215484.txt.ptree,60,54,35740..35741,.
1215484.txt.ptree,61,95,35740..35741,.
1215484.txt.ptree,62,51,35740..35741,.
1215484.txt.ptree,63,85,35740..35741,.
1215484.txt.ptree,64,42,35740..35741,.
1215484.txt.ptree,65,39,35740..35741,.
1215484.txt.ptree,66,94,35740..35741,.
1215484.txt.ptree,67,84,35740..35741,.
1215484.txt.ptree,68,78,35740..35741,.
1215484.txt.ptree,69,102,35740..35741,.
1215484.txt.ptree,70,32,35740..35741,.
1215484.txt.ptree,71,100,35740..35741,.
1215484.txt.ptree,72,61,35740..35741,.
1215484.txt.ptree,73,67,35740..35741,.
1215484.txt.ptree,74,76,35740..35741,.
1215484.txt.ptree,75,76,35740..35741,.
1215484.txt.ptree,76,127,35740..35741,.
1215484.txt.ptree,77,46,35740..35741,.
1215484.txt.ptree,78,75,35740..35741,.
1215484.txt.ptree,79,72,35740..35741,.
1215484.txt.ptree,80,99,35740..35741,.
1215484.txt.ptree,81,137,35740..35741,.
1215484.txt.ptree,82,68,35740..35741,.
1215484.txt.ptree,83,94,35740..35741,.
1215484.txt.ptree,84,65,35740..35741,.
1215484.txt.ptree,85,77,35740..35741,.
1215484.txt.ptree,86,133,35740..35741,.
1215484.txt.ptree,87,110,35740..35741,.
1215484.txt.ptree,88,63,35740..35741,.
1215484.txt.ptree,89,117,35740..35741,.
1215484.txt.ptree,90,42,35740..35741,.
1215484.txt.ptree,91,91,35740..35741,.
1215484.txt.ptree,92,109,35740..35741,.
1215484.txt.ptree,93,144,35740..35741,.
1215484.txt.ptree,94,119,35740..35741,.
1215484.txt.ptree,95,77,35740..35741,.
1215484.txt.ptree,96,88,35740..35741,.
1215484.txt.ptree,97,45,35740..35741,.
1215484.txt.ptree,98,98,35740..35741,.
1215484.txt.ptree,99,78,35740..35741,.
1215484.txt.ptree,100,71,35740..35741,.
1215484.txt.ptree,101,34,35740..35741,.
1215484.txt.ptree,102,123,35740..35741,.
1215484.txt.ptree,103,78,35740..35741,.
1215484.txt.ptree,104,134,35740..35741,.
1215484.txt.ptree,105,89,35740..35741,.
1215484.txt.ptree,106,100,35740..35741,.
1215484.txt.ptree,107,127,35740..35741,.
1215484.txt.ptree,108,42,35740..35741,.
1215484.txt.ptree,109,67,35740..35741,.
1215484.txt.ptree,110,65,35740..35741,.
1215484.txt.ptree,111,168,35740..35741,.
1215484.txt.ptree,112,89,35740..35741,.
1215484.txt.ptree,113,54,35740..35741,.
1215484.txt.ptree,114,117,35740..35741,.
1215484.txt.ptree,115,91,35740..35741,.
1215484.txt.ptree,116,98,35740..35741,.
1215484.txt.ptree,117,183,35740..35741,.
1215484.txt.ptree,118,39,35740..35741,.
1215484.txt.ptree,119,183,35740..35741,.
1215484.txt.ptree,120,88,35740..35741,.
1215484.txt.ptree,121,105,35740..35741,.
1215484.txt.ptree,122,110,35740..35741,.
1215484.txt.ptree,123,147,35740..35741,.
1215484.txt.ptree,124,95,35740..35741,.
1215484.txt.ptree,125,79,35740..35741,.
1215484.txt.ptree,126,75,35740..35741,.
1215484.txt.ptree,127,94,35740..35741,.
1215484.txt.ptree,128,65,35740..35741,.
1215484.txt.ptree,129,105,35740..35741,.
1215484.txt.ptree,130,116,35740..35741,.
1215484.txt.ptree,131,68,35740..35741,.
1215484.txt.ptree,132,59,35740..35741,.
1215484.txt.ptree,133,69,35740..35741,.
1215484.txt.ptree,134,60,35740..35741,.
1215484.txt.ptree,135,42,35740..35741,.
1215484.txt.ptree,136,128,35740..35741,.
1215484.txt.ptree,137,32,35740..35741,.
1215484.txt.ptree,138,76,35740..35741,.
1215484.txt.ptree,139,39,35740..35741,.
1215484.txt.ptree,140,100,35740..35741,.
1215484.txt.ptree,141,109,35740..35741,.
1215484.txt.ptree,142,47,35740..35741,.
1215484.txt.ptree,143,62,35740..35741,.
1215484.txt.ptree,144,84,35740..35741,.
1215484.txt.ptree,145,44,35740..35741,.
1215484.txt.ptree,146,29,35740..35741,.
1215484.txt.ptree,147,84,35740..35741,.
1215484.txt.ptree,148,65,35740..35741,.
1215484.txt.ptree,149,54,35740..35741,.
1215484.txt.ptree,150,73,35740..35741,.
1215484.txt.ptree,151,52,35740..35741,.
1215484.txt.ptree,152,33,35740..35741,.
1215484.txt.ptree,153,76,35740..35741,.
1215484.txt.ptree,154,87,35740..35741,.
1215484.txt.ptree,155,65,35740..35741,.
1215484.txt.ptree,156,40,35740..35741,.
1215484.txt.ptree,157,42,35740..35741,.
1215484.txt.ptree,158,110,35740..35741,.
1215484.txt.ptree,159,124,35740..35741,.
1215484.txt.ptree,160,56,35740..35741,.
1215484.txt.ptree,161,137,35740..35741,.
1215484.txt.ptree,162,30,35740..35741,.
1215484.txt.ptree,163,58,35740..35741,.
1215484.txt.ptree,164,56,35740..35741,.
1215484.txt.ptree,165,78,35740..35741,.
1215484.txt.ptree,166,206,35740..35741,.
1215484.txt.ptree,167,195,35740..35741,.
1215484.txt.ptree,168,59,35740..35741,.
1215484.txt.ptree,169,47,35740..35741,.
1215484.txt.ptree,170,70,35740..35741,.
1215484.txt.ptree,171,71,35740..35741,.
1215484.txt.ptree,172,127,35740..35741,.
1215484.txt.ptree,173,101,35740..35741,.
1215484.txt.ptree,174,61,35740..35741,.
1215484.txt.ptree,175,114,35740..35741,.
1215484.txt.ptree,176,44,35740..35741,.
1215484.txt.ptree,177,42,35740..35741,.
1215484.txt.ptree,178,57,35740..35741,.
1215484.txt.ptree,179,51,35740..35741,.
1215484.txt.ptree,180,73,35740..35741,.
1215484.txt.ptree,181,47,35740..35741,.
1215484.txt.ptree,182,39,35740..35741,.
1215484.txt.ptree,183,102,35740..35741,.
1215484.txt.ptree,184,96,35740..35741,.
1215484.txt.ptree,185,77,35740..35741,.
1215484.txt.ptree,186,55,35740..35741,.
1215484.txt.ptree,187,46,35740..35741,.
1215484.txt.ptree,188,163,35740..35741,.
1215484.txt.ptree,189,90,35740..35741,.
1215484.txt.ptree,190,56,35740..35741,.
1215484.txt.ptree,191,35,35740..35741,.
1215484.txt.ptree,192,47,35740..35741,.
1215484.txt.ptree,193,36,35740..35741,.
1215484.txt.ptree,194,28,35740..35741,.
1215484.txt.ptree,195,26,35740..35741,.
1215484.txt.ptree,196,26,35740..35741,.
1215484.txt.ptree,197,49,35740..35741,.
1215484.txt.ptree,198,86,35740..35741,.
1215484.txt.ptree,199,108,35740..35741,.
1215484.txt.ptree,200,46,35740..35741,.
1215484.txt.ptree,201,66,35740..35741,.
1215484.txt.ptree,202,54,35740..35741,.
1215484.txt.ptree,203,78,35740..35741,.
1215484.txt.ptree,204,92,35740..35741,.
1215484.txt.ptree,205,47,35740..35741,.
1215484.txt.ptree,206,25,35740..35741,.
1215484.txt.ptree,207,64,35740..35741,.
1215484.txt.ptree,208,53,35740..35741,.
1215484.txt.ptree,209,55,35740..35741,.
1215484.txt.ptree,210,55,35740..35741,.
1215484.txt.ptree,211,84,35740..35741,.
1215484.txt.ptree,212,74,35740..35741,.
1215484.txt.ptree,213,57,35740..35741,.
1215484.txt.ptree,214,68,35740..35741,.
1215484.txt.ptree,215,76,35740..35741,.
1215484.txt.ptree,216,152,35740..35741,.
1215484.txt.ptree,217,101,35740..35741,.
1215484.txt.ptree,218,172,35740..35741,.
1215484.txt.ptree,219,86,35740..35741,.
